{
    "version": 2,
    "name": "Wanhao Duplicator 12 230 dual",
    "inherits": "wanhao_base",
    "metadata": {
        "visible": true,
        "quality_definition": "wanhao_base",
        "author": "Wanhao France",
        "manufacturer": "Wanhao France",
        "file_formats": "text/x-gcode",
        "platform": "D12-230.stl",
        "platform_offset": [ 0, 0, 0]


    },

    "overrides": {
        "machine_name": { "default_value": "Wanhao Duplicator 12 230 dual" },
        "machine_width": {
            "default_value": 230
        },
        "machine_depth": {
            "default_value": 230
        },
        "machine_height": {
            "default_value": 250
        },
		"machine_extruders_share_heater":{
            "default_value": true
        },

        "machine_gcode_flavor": { "default_value": "RepRap (Marlin/Sprinter)" },
        "machine_start_gcode": {
             "default_value": "G21 ;metric values\nG90\nM107\nG28 X0 Y0\nG28 Z0\nG1 Z15.0 F300\nG28 X0 Y0\nT0\nG92 E0\nG1 F700 E-100\nT1\nG92 E0\nG1 F200 E100\nT1\nG92 E0\nG1 F700 E-100\nT0\nG92 E0\nG1 F200 E120\nG92 E0\nG1 F\nM117"
        },
        "machine_end_gcode": {
            "default_value": "M104 T0 S0\nM104 T1 S0\nM140 S0\nG92 E1\nG1 E-1 F300\nG28 X0 Y0\nM84"
        },
        "machine_extruder_count": {
            "default_value": 2
        }

    }
}
