{
    "version": 2,
    "name": "Extruder 0",
    "inherits": "fdmextruder",
    "metadata": {
        "machine": "wanhao_base",
        "position": "0"
    },

    "overrides": {
        "extruder_nr": {
            "default_value": 0,
            "maximum_value": "1"
        },
        "machine_nozzle_offset_x": { "default_value": 0.0 },
        "machine_nozzle_offset_y": { "default_value": 0.0 },
        "material_diameter": { "default_value": 1.75 },
        "machine_nozzle_size": { "default_value": 0.4 }

    }
}
