{
    "name": "Wanhao Base Printer",
    "version": 2,
    "inherits": "fdmprinter",
    "metadata": {
        "visible": false,
        "author": "Wanhao France",
        "manufacturer": "Wanhao France",
        "file_formats": "text/x-gcode",
        "first_start_actions": ["MachineSettingsAction"],


        "machine_extruder_trains": {
                          "0": "wanhao_base_extruder_0",
                          "1": "wanhao_base_extruder_1"
                   },

        "has_materials": true,
        "has_variants": true,
        "has_machine_quality": true,
        "variants_name": "Nozzle Size",
        "preferred_variant_name": "Buse 0.4mm",
        "preferred_quality_type": "standard",
        "preferred_material": "wanhao_premium_pla",
        "exclude_materials": [
            "Vertex_Delta_ABS",
            "Vertex_Delta_PET",
            "Vertex_Delta_PLA",
            "Vertex_Delta_TPU",
            "chromatik_pla",
            "dsm_arnitel2045_175",
            "dsm_novamid1070_175",
            "fabtotum_abs",
            "fabtotum_nylon",
            "fabtotum_pla",
            "fabtotum_tpu",
            "fiberlogy_hd_pla",
            "filo3d_pla",
            "filo3d_pla_green",
            "filo3d_pla_red",
            "generic_bam",
            "generic_cffcpe",
            "generic_cffpa",
            "generic_cpe",
            "generic_cpe_plus",
            "generic_gffcpe",
            "generic_gffpa",
            "generic_hips",
            "generic_nylon",
            "generic_pc",
            "generic_pp",
            "generic_pva",
            "generic_tough_pla",
            "imade3d_petg_green",
            "imade3d_petg_pink",
            "imade3d_pla_green",
            "imade3d_pla_pink",
            "innofill_innoflex60_175",
            "octofiber_pla",
            "polyflex_pla",
            "polymax_pla",
            "polyplus_pla",
            "polywood_pla",
            "structur3d_dap100silicone",
            "tizyx_abs",
            "tizyx_pla",
            "tizyx_pla_bois",
            "ultimaker_abs_black",
            "ultimaker_abs_blue",
            "ultimaker_abs_green",
            "ultimaker_abs_grey",
            "ultimaker_abs_orange",
            "ultimaker_abs_pearl-gold",
            "ultimaker_abs_red",
            "ultimaker_abs_silver-metallic",
            "ultimaker_abs_white",
            "ultimaker_abs_yellow",
            "ultimaker_bam",
            "ultimaker_cpe_black",
            "ultimaker_cpe_blue",
            "ultimaker_cpe_dark-grey",
            "ultimaker_cpe_green",
            "ultimaker_cpe_light-grey",
            "ultimaker_cpe_plus_black",
            "ultimaker_cpe_plus_transparent",
            "ultimaker_cpe_plus_white",
            "ultimaker_cpe_red",
            "ultimaker_cpe_transparent",
            "ultimaker_cpe_white",
            "ultimaker_cpe_yellow",
            "ultimaker_nylon_black",
            "ultimaker_nylon_transparent",
            "ultimaker_pc_black",
            "ultimaker_pc_transparent",
            "ultimaker_pc_white",
            "ultimaker_pla_black",
            "ultimaker_pla_blue",
            "ultimaker_pla_green",
            "ultimaker_pla_magenta",
            "ultimaker_pla_orange",
            "ultimaker_pla_pearl-white",
            "ultimaker_pla_red",
            "ultimaker_pla_silver-metallic",
            "ultimaker_pla_transparent",
            "ultimaker_pla_white",
            "ultimaker_pla_yellow",
            "ultimaker_pp_transparent",
            "ultimaker_pva",
            "ultimaker_tough_pla_black",
            "ultimaker_tough_pla_green",
            "ultimaker_tough_pla_red",
            "ultimaker_tough_pla_white",
            "ultimaker_tpu_black",
            "ultimaker_tpu_blue",
            "ultimaker_tpu_red",
            "ultimaker_tpu_white",
            "verbatim_bvoh_175",
            "zyyx_pro_flex",
            "zyyx_pro_pla",
            "volumic_abs_ultra",
            "volumic_arma_ultra",
            "volumic_asa_ultra",
            "volumic_br80_ultra",
            "volumic_bumper_ultra",
            "volumic_cu80_ultra",
            "volumic_flex93_ultra",
            "volumic_medical_ultra",
            "volumic_nylon_ultra",
            "volumic_pekk_carbone",
            "volumic_petg_ultra",
            "volumic_petgcarbone_ultra",
            "volumic_pla_ultra",
            "volumic_pp_ultra",
            "volumic_strong_ultra",
            "volumic_support_ultra"]

    },
    "overrides": {

        "z_seam_type": { "default_value": "back" },
        "z_seam_position": { "default_value": "back" },
        "retraction_min_travel": { "default_value": 5 },
        "adhesion_type": { "default_value": "raft" },
        "support_structure": { "default_value": "tree" },
        "machine_name": { "default_value": "Wanhao Duplicator 12" },
        "layer_height_0": { "default_value": 0.3 },
        "line_width": { "default_value": 0.44 },
        "retraction_hop_enabled": { "default_value": true },
        "retraction_amount": { "default_value": 6 },
        "retraction_speed": { "default_value": 70 },
        "retraction_hop": { "default_value": 0.2 },
        "machine_extruder_count": { "default_value": 1 },
        "infill_pattern": { "default_value": "Zig Zag" },
        "speed_infill": { "default_value": 80 },
        "machine_heated_bed": { "default_value": true },
        "machine_center_is_zero": { "default_value": false },
        "infill_before_walls" : { "default_value": false },
        "adhesion_type": { "default_value": "skirt" },
        "gantry_height": { "value": "30" },
        "wall_line_count": { "default_value": 3 },
        "wall_thickness": { "default_value": 1.2 },
        "speed_print": { "default_value": 50 },
        "material_flow_layer_0": { "value": 110 },

        "machine_max_acceleration_x": { "default_value": 500 },
        "machine_max_acceleration_y": { "default_value": 500 },
        "machine_max_acceleration_z": { "default_value": 100 },
        "machine_max_acceleration_e": { "default_value": 5000 },
        "machine_max_jerk_xy": { "default_value": 5.0 },
        "machine_max_jerk_z": { "default_value": 0.4 },
        "machine_max_jerk_e": { "default_value": 5.0 },

        "machine_gcode_flavor": { "default_value": "RepRap (Marlin/Sprinter)" },
        "top_bottom_thickness": { "default_value": 1 }

    }
}
