{
    "name": "Wanhao Base Printer",
    "version": 2,
    "inherits": "fdmprinter",
    "metadata": {
        "visible": false,
        "author": "Wanhao France",
        "manufacturer": "Wanhao France",
        "file_formats": "text/x-gcode",
        "first_start_actions": ["MachineSettingsAction"],


        "machine_extruder_trains": {
                          "0": "wanhao_base_extruder_0",
                          "1": "wanhao_base_extruder_1"
                   },

        "has_materials": true,
        "has_variants": true,
        "has_machine_quality": true,
        "variants_name": "Nozzle Size",
        "preferred_variant_name": "Buse 0.4mm",
        "preferred_quality_type": "standard",
        "preferred_material": "wanhao_premium_pla"


    },
    "overrides": {

        "z_seam_type": { "default_value": "back" },
        "z_seam_position": { "default_value": "back" },
        "retraction_min_travel": { "default_value": 5 },
        "adhesion_type": { "default_value": "raft" },
        "support_structure": { "default_value": "tree" },
        "machine_name": { "default_value": "Wanhao Duplicator 12" },
        "layer_height_0": { "default_value": 0.3 },
        "line_width": { "default_value": 0.44 },
        "retraction_hop_enabled": { "default_value": true },
        "retraction_amount": { "default_value": 6 },
        "retraction_speed": { "default_value": 70 },
        "retraction_hop": { "default_value": 0.2 },
        "machine_extruder_count": { "default_value": 1 },
        "infill_pattern": { "default_value": "Zig Zag" },
        "speed_infill": { "default_value": 80 },
        "machine_heated_bed": { "default_value": true },
        "machine_center_is_zero": { "default_value": false },
        "infill_before_walls" : { "default_value": false },
        "adhesion_type": { "default_value": "skirt" },
        "gantry_height": { "value": "30" },
        "wall_line_count": { "default_value": 3 },
        "wall_thickness": { "default_value": 1.2 },
        "speed_print": { "default_value": 50 },
        "material_flow_layer_0": { "value": 110 },
        "switch_extruder_retraction_amount": { "value": 100 },

        "machine_max_acceleration_x": { "default_value": 500 },
        "machine_max_acceleration_y": { "default_value": 500 },
        "machine_max_acceleration_z": { "default_value": 100 },
        "machine_max_acceleration_e": { "default_value": 5000 },
        "machine_max_jerk_xy": { "default_value": 5.0 },
        "machine_max_jerk_z": { "default_value": 0.4 },
        "machine_max_jerk_e": { "default_value": 5.0 },

        "machine_gcode_flavor": { "default_value": "RepRap (Marlin/Sprinter)" },
        "top_bottom_thickness": { "default_value": 1 }

    }
}
